{
    "mean_predicted_value": [
        0.002349285142399194,
        0.1436867355421664,
        0.257021775836066,
        0.3590696743910076,
        0.45550805182152504,
        0.5525053950664254,
        0.6545037410039877,
        0.7468248978278749,
        0.8554776733387175,
        0.998198591803381
    ],
    "fraction_of_positives": [
        0.0010541851149061775,
        0.171875,
        0.22857142857142856,
        0.4642857142857143,
        0.4090909090909091,
        0.5833333333333334,
        0.7435897435897436,
        0.7777777777777778,
        0.927710843373494,
        0.9993613850847939
    ]
}