{
    "baseline_f1": 0.9969194146887909,
    "ablation_f1": {
        "src_pkts": 0.9653515598565338,
        "dst_pkts": 0.9660913705583757,
        "dst_ip_bytes": 0.9750516786656213,
        "src_ip_bytes": 0.9922610332566408,
        "duration": 0.989796636408416
    }
}