{
    "accuracy": 0.9954102122776821,
    "precision": 0.9970590294797284,
    "recall": 0.9967798389919496,
    "f1": 0.9969194146887909,
    "specificity": 0.9914075286415712,
    "false_positive_rate": 0.008592471358428805,
    "false_negative_rate": 0.0032201610080504024,
    "confusion_matrix": [
        [
            4846,
            42
        ],
        [
            46,
            14239
        ]
    ],
    "classification_report": {
        "0": {
            "precision": 0.990596892886345,
            "recall": 0.9914075286415712,
            "f1-score": 0.9910020449897751,
            "support": 4888.0
        },
        "1": {
            "precision": 0.9970590294797284,
            "recall": 0.9967798389919496,
            "f1-score": 0.9969194146887909,
            "support": 14285.0
        },
        "accuracy": 0.9954102122776821,
        "macro avg": {
            "precision": 0.9938279611830367,
            "recall": 0.9940936838167604,
            "f1-score": 0.993960729839283,
            "support": 19173.0
        },
        "weighted avg": {
            "precision": 0.9954115604520092,
            "recall": 0.9954102122776821,
            "f1-score": 0.995410829538382,
            "support": 19173.0
        }
    },
    "roc_auc": 0.9998554316013674,
    "pr_auc": 0.9999495818769725
}