{
    "noise_f1": 0.9890240492170023,
    "missing_f1": 0.9897244766449546
}